asset_price,demand_at_base_price,demand_at_base_price_lower_i0,asset_supply
0.548107766557988,1.7454545454545454,1.9019982054120914,0.78
0.5543675628868823,1.7212285456187897,1.8760045490727502,0.78
0.5606273592157767,1.6975435462259936,1.8505913674171808,0.78
0.566887155544671,1.674381625441696,1.825739430939518,0.78
0.5731469518735653,1.6517256443861947,1.801430350217155,0.78
0.5794067482024596,1.6295592048401037,1.7776465305302802,0.78
0.585666544531354,1.6078666096622487,1.7543711293916493,0.78
0.5919263408602483,1.5866328257191202,1.7315880167711797,0.78
0.5981861371891427,1.5658434491419002,1.7092817378179437,0.78
0.604445933518037,1.5454846727423364,1.687437477898537,0.78
0.6107057298469314,1.525543255432554,1.6660410297855957,0.78
0.6169655261758257,1.5060064935064934,1.6450787628437777,0.78
0.62322532250472,1.4868621936520694,1.6245375940727473,0.78
0.6294851188336144,1.4680986475735878,1.604404960877911,0.78
0.6357449151625088,1.4497046081134302,1.58466879544981,0.78
0.642004711491403,1.4316692667706707,1.5653175006423823,0.78
0.6482645078202973,1.4139822325222096,1.546339927248771,0.78
0.6545243041491917,1.3966335118592195,1.5277253525811278,0.78
0.660784100478086,1.3796134899583177,1.5094634602679304,0.78
0.6670438968069804,1.3629129129129127,1.4915443211888393,0.78
0.6733036931358747,1.3465228709557457,1.4739583754730636,0.78
0.6795634894647691,1.3304347826086955,1.4566964154926558,0.78
0.6858232857936634,1.3146403797006208,1.4397495697871736,0.78
0.6920830821225576,1.2991316931982635,1.4231092878607339,0.78
0.698342878451452,1.2839010397992112,1.4067673257967257,0.78
0.7046026747803464,1.2689410092395164,1.3907157326393276,0.78
0.7108624711092407,1.2542444522719267,1.3749468374945644,0.78
0.717122267438135,1.239804469273743,1.3594532373069372,0.78
0.7233820637670294,1.2256143994461752,1.3442277852707054,0.78
0.7296418600959237,1.2116678105696637,1.3292635798377037,0.78
0.7359016564248181,1.1979584892820687,1.3145539542861748,0.78
0.7421614527537124,1.1844804318488529,1.3000924668174993,0.78
0.7484212490826068,1.1712278353964536,1.2858728911499056,0.78
0.754681045411501,1.1581950895819508,1.2718892075803145,0.78
0.7609408417403954,1.1453767686739058,1.2581355944873538,0.78
0.7672006380692897,1.1327676240208877,1.2446064202503486,0.78
0.7734604343981841,1.1203625768857235,1.231296235560721,0.78
0.7797202307270784,1.1081567116249198,1.218199766103747,0.78
0.7859800270559727,1.0961452691940108,1.2053119055900186,0.78
0.7922398233848671,1.084323640960809,1.1926277091172781,0.78
0.7984996197137615,1.072687362809658,1.1801423868444865,0.78
0.8047594160426558,1.0612321095208463,1.1678512979611289,0.78
0.8110192123715501,1.0499536894103119,1.1557499449358037,0.78
0.8172790087004445,1.0388480392156862,1.1438339680291263,0.78
0.8235388050293388,1.0279112192155668,1.1320991400568767,0.78
0.829798601358233,1.0171394085697043,1.1205413613901836,0.78
0.8360583976871274,1.0065289008685234,1.1091566551803138,0.78
0.8423181940160218,0.9960760998810938,1.0979411627963935,0.78
0.8485779903449161,0.9857775154912953,1.086891139465054,0.78
0.8548377866738104,0.9756297598125366,1.0760029501016604,0.78
0.8610975830027048,0.9656295434719394,1.0652730653233695,0.78
0.8673573793315992,0.9557736720554272,1.0546980576348348,0.78
0.8736171756604935,0.9460590427056462,1.0442745977778927,0.78
0.8798769719893877,0.936482640865111,1.0339994512370712,0.78
0.8861367683182821,0.927041537157389,1.0238694748932093,0.78
0.8923965646471765,0.9177328843995509,1.01388161381792,0.78
0.8986563609760708,0.9085539147394817,1.004032898202025,0.78
0.9049161573049651,0.8995019369120089,0.9943204404114743,0.78
0.9111759536338595,0.890574333608134,0.9847414321646243,0.78
0.9174357499627538,0.881768558951965,0.9752931418250731,0.78
0.9236955462916481,0.8730821360802385,0.9659729118045726,0.78
0.9299553426205425,0.8645126548196015,0.9567781560708314,0.78
0.9362151389494369,0.8560577694570739,0.9477063577553002,0.78
0.9424749352783311,0.8477151965993623,0.938755066856288,0.78
0.9487347316072254,0.8394827131169174,0.9299218980330082,0.78
0.9549945279361198,0.8313581541688515,0.9212045284863838,0.78
0.9612543242650142,0.8233394113050272,0.9126006959226537,0.78
0.9675141205939085,0.8154244306418218,0.904108196596032,0.78
0.9737739169228028,0.807611211108254,0.8957248834268624,0.78
0.9800337132516972,0.7998978027593254,0.8874486641918926,0.78
0.9862935095805916,0.7922823051535921,0.8792774997834647,0.78
0.9925533059094858,0.7847628657921293,0.8712094025345783,0.78
0.9988131022383802,0.7773376786161944,0.8632424346069361,0.78
1.0050728985672746,0.7700049825610362,0.8553747064392295,0.78
1.011332694896169,0.7627630601634066,0.8476043752530495,0.78
1.0175924912250631,0.7556102362204725,0.839929643613944,0.78
1.0238522875539575,0.7485448764979211,0.8323487580452599,0.78
1.030112083882852,0.7415653864851725,0.8248600076925298,0.78
1.036371880211746,0.7346702101956996,0.8174617230362572,0.78
1.0426316765406405,0.7278578290105668,0.8101522746510731,0.78
1.0488914728695349,0.7211267605633802,0.8029300720093262,0.78
1.0551512691984293,0.7144755576649263,0.7957935623272585,0.78
1.0614110655273237,0.7079028072658644,0.7887412294520092,0.78
1.0676708618562178,0.70140712945591,0.781771592787774,0.78
1.0739306581851122,0.694987176498018,0.7748832062595168,0.78
1.0801904545140064,0.6886416318961521,0.7680746573127187,0.78
1.0864502508429008,0.6823692094952755,0.7613445659476995,0.78
1.0927100471717952,0.6761686526122823,0.7546915837871375,0.78
1.0989698435006896,0.6700387331966278,0.7481143931754539,0.78
1.105229639829584,0.6639782510194833,0.7416117063088055,0.78
1.1114894361584782,0.6579860328902906,0.7351822643944735,0.78
1.1177492324873726,0.6520609318996415,0.7288248368385009,0.78
1.1240090288162667,0.6462018266874583,0.7225382204604741,0.78
1.1302688251451611,0.6404076207354896,0.716321238734397,0.78
1.1365286214740555,0.6346772416831901,0.7101727410546526,0.78
1.14278841780295,0.6290096406660823,0.7040916020260884,0.78
1.1490482141318443,0.6234037916757462,0.6980767207773082,0.78
1.1553080104607387,0.6178586909406153,0.6921270202962867,0.78
1.161567806789633,0.6123733563267946,0.6862414467874688,0.78
1.1678276031185273,0.6069468267581475,0.6804189690495428,0.78
1.1740873994474215,0.601578161654937,0.6746585778731218,0.78
1.1803471957763159,0.5962664403903266,0.6689592854575876,0.78
1.1866069921052103,0.5910107617640852,0.6633201248463954,0.78
1.1928667884341047,0.585810243492863,0.6577401493801569,0.78
1.199126584762999,0.5806640217164333,0.6522184321668547,0.78
1.2053863810918932,0.5755712505193186,0.6467540655685642,0.78
1.2116461774207876,0.5705311014672453,0.6413461607040851,0.78
1.2179059737496818,0.5655427631578948,0.6359938469669136,0.78
1.2241657700785762,0.5606054407854367,0.6306962715580012,0.78
1.2304255664074706,0.5557183557183557,0.6254525990327774,0.78
1.236685362736365,0.5508807450900991,0.6202620108619291,0.78
1.2429451590652594,0.546091861402095,0.6151237050054527,0.78
1.2492049553941538,0.541350972138705,0.6100368954995123,0.78
1.255464751723048,0.5366573593936976,0.6050008120556577,0.78
1.2617245480519423,0.5320103195078387,0.6000146996719722,0.78
1.2679843443808365,0.5274091627172196,0.5950778182557401,0.78
1.274244140709731,0.5228532128119473,0.5901894422572348,0.78
1.2805039370386253,0.5183418068048493,0.5853488603142487,0.78
1.2867637333675197,0.5138742946098461,0.5805553749069989,0.78
1.293023529696414,0.5094500387296668,0.5758083020230571,0.78
1.2992833260253083,0.5050684139525919,0.5711069708319653,0.78
1.3055431223542027,0.5007288070579209,0.5664507233692113,0.78
1.3118029186830968,0.4964306165298722,0.5618389142292552,0.78
1.3180627150119912,0.4921732522796352,0.5572709102673001,0.78
1.3243225113408856,0.4879561353753072,0.5527460903095232,0.78
1.33058230766978,0.48377869777945043,0.5482638448714843,0.78
1.3368421039986744,0.479640382094025,0.543823575884448,0.78
1.3431019003275688,0.47554064131245327,0.5394246964293562,0.78
1.349361696656463,0.4714789385785859,0.5350666304782089,0.78
1.3556214929853572,0.46745474695234585,0.5307488126426059,0.78
1.3618812893142516,0.4634675491818349,0.5264706879292274,0.78
1.368141085643146,0.4595168374816983,0.5222317115020255,0.78
1.3744008819720404,0.4556021133175441,0.5180313484509141,0.78
1.3806606783009348,0.45172288719622766,0.5138690735667515,0.78
1.3869204746298291,0.44787867846181606,0.5097443711224169,0.78
1.3931802709587233,0.4440690150970524,0.5056567346597893,0.78
1.3994400672876177,0.4402934335301484,0.5016056667824419,0.78
1.405699863616512,0.4365514784467403,0.4975906789538775,0.78
1.4119596599454063,0.4328427026068452,0.49361129130112924,0.78
1.4182194562743007,0.4291666666666666,0.4896670324235642,0.78
1.424479252603195,0.42552293900509747,0.48575743920672654,0.78
1.4307390489320895,0.4219110955547776,0.4818820566410688,0.78
1.4369988452609836,0.4183307196375675,0.47804043764542037,0.78
1.443258641589878,0.41478140180430245,0.4742321428950499,0.78
1.4495184379187722,0.41126273967870103,0.47045674065418347,0.78
1.4557782342476666,0.40777433780529754,0.4667138066128428,0.78
1.462038030576561,0.40431580750128443,0.46300292372787594,0.78
1.4682978269054554,0.4008867667121418,0.4593236820680538,0.78
1.4745576232343498,0.3974868398709457,0.45567567866311215,0.78
1.4808174195632442,0.39411565776124435,0.4520585173566228,0.78
1.4870772158921384,0.39077285738339784,0.4484718086625808,0.78
1.4933370122210328,0.3874580818242789,0.44491516962559813,0.78
1.499596808549927,0.38417098013023876,0.4413882236845998,0.78
1.5058566048788213,0.38091120718323906,0.4378906005399182,0.78
1.5121164012077157,0.37767842358006287,0.43442193602369056,0.78
1.5183761975366101,0.3744722955145117,0.43098187197346094,0.78
1.5246359938655045,0.371292494662506,0.4275700561088959,0.78
1.5308957901943987,0.36813869807000327,0.42418614191152565,0.78
1.537155586523293,0.36501058804365527,0.4208297885074226,0.78
1.5434153828521873,0.3619078520441272,0.41750066055273655,0.78
1.5496751791810817,0.3588301825820003,0.4141984281220016,0.78
1.555934975509976,0.35577727711618923,0.4109227665991419,0.78
1.5621947718388705,0.3527488379548004,0.4076733565710959,0.78
1.5684545681677649,0.34974457215836513,0.404449883723989,0.78
1.5747143644966592,0.3467641914453807,0.401252038741782,0.78
1.5809741608255536,0.34380741210009486,0.3980795172073277,0.78
1.5872339571544476,0.3408739548824736,0.3949320195057687,0.78
1.593493753483342,0.3379635449402891,0.3918092507302118,0.78
1.5997535498122364,0.33507591172327433,0.38871092058961776,0.78
1.6060133461411308,0.33221078889928274,0.38563674331884434,0.78
1.6122731424700252,0.3293679142724025,0.3825864375907854,0.78
1.6185329387989196,0.32654702970297017,0.37955972643054875,0.78
1.624792735127814,0.32374788102943425,0.3765563371316177,0.78
1.631052531456708,0.32097021799201725,0.3735760011739435,0.78
1.6373123277856023,0.3182137941581281,0.37061845414391625,0.78
1.6435721241144967,0.315478366849482,0.3676834356561651,0.78
1.649831920443391,0.31276369707087565,0.36477068927713885,0.78
1.6560917167722855,0.31006954944058046,0.3618799624504184,0.78
1.66235151310118,0.3073956921223075,0.35901100642371847,0.78
1.6686113094300743,0.30474189675870333,0.35616357617753114,0.78
1.6748711057589682,0.30210793840633876,0.3533374303553698,0.78
1.6811309020878626,0.29949359547214777,0.35053233119557164,0.78
1.687390698416757,0.29689864965128354,0.3477480444646191,0.78
1.6936504947456514,0.2943228858663512,0.34498433939193784,0.78
1.6999102910745458,0.29176609220798344,0.3422409886061375,0.78
1.7061700874034402,0.2892280598767243,0.33951776807265444,0.78
1.7124298837323346,0.2867085831261879,0.33681445703276314,0.78
1.718689680061229,0.28420745920745905,0.33413083794392007,0.78
1.724949476390123,0.2817244883147046,0.33146669642140636,0.78
1.7312092727190174,0.2792594735319641,0.3288218211812363,0.78
1.7374690690479118,0.27681222078109236,0.3261960039843015,0.78
1.7437288653768062,0.2743825387708213,0.32358903958171564,0.78
1.7499886617057006,0.2719702389469165,0.3210007256613346,0.78
1.756248458034595,0.2695751354433988,0.31843086279541877,0.78
1.7625082543634893,0.26719704503480596,0.3158792543894114,0.78
1.7687680506923833,0.26483578708946776,0.31334570663180467,0.78
1.7750278470212777,0.2624911835237692,0.31083002844506535,0.78
1.781287643350172,0.2601630587573798,0.30833203143759735,0.78
1.7875474396790665,0.2578512396694214,0.3058515298567121,0.78
1.7938072360079607,0.2555555555555556,0.3033883405425835,0.78
