output,interest_rate_IR,interest_rate_IR_lower_i0
3.0,0.09190799999999998,0.080408
3.0452261306532664,0.09216319597989948,0.08066319597989949
3.090452261306533,0.09241839195979898,0.08091839195979898
3.135678391959799,0.09267358793969847,0.08117358793969848
3.180904522613065,0.09292878391959797,0.08142878391959799
3.2261306532663316,0.09318397989949748,0.08168397989949748
3.271356783919598,0.09343917587939697,0.08193917587939697
3.3165829145728645,0.09369437185929648,0.0821943718592965
3.3618090452261304,0.09394956783919596,0.08244956783919598
3.407035175879397,0.09420476381909546,0.08270476381909546
3.4522613065326633,0.09445995979899496,0.08295995979899497
3.4974874371859297,0.09471515577889447,0.08321515577889449
3.542713567839196,0.09497035175879394,0.08347035175879396
3.5879396984924625,0.09522554773869345,0.08372554773869345
3.633165829145729,0.09548074371859296,0.08398074371859296
3.678391959798995,0.09573593969849245,0.08423593969849245
3.7236180904522613,0.09599113567839193,0.08449113567839195
3.7688442211055277,0.09624633165829145,0.08474633165829146
3.8140703517587937,0.09650152763819093,0.08500152763819094
3.85929648241206,0.09675672361809043,0.08525672361809043
3.9045226130653266,0.09701191959798992,0.08551191959798994
3.949748743718593,0.09726711557788943,0.08576711557788944
3.9949748743718594,0.09752231155778893,0.08602231155778893
4.040201005025126,0.09777750753768844,0.08627750753768844
4.085427135678392,0.09803270351758792,0.08653270351758793
4.130653266331659,0.09828789949748744,0.08678789949748744
4.175879396984925,0.09854309547738693,0.08704309547738694
4.221105527638191,0.09879829145728641,0.08729829145728642
4.266331658291458,0.09905348743718591,0.08755348743718593
4.311557788944723,0.09930868341708543,0.08780868341708543
4.35678391959799,0.09956387939698491,0.08806387939698491
4.402010050251256,0.0998190753768844,0.08831907537688441
4.447236180904523,0.1000742713567839,0.08857427135678392
4.492462311557789,0.10032946733668342,0.08882946733668343
4.5376884422110555,0.1005846633165829,0.08908466331658291
4.582914572864322,0.1008398592964824,0.0893398592964824
4.628140703517587,0.10109505527638189,0.08959505527638191
4.673366834170855,0.1013502512562814,0.0898502512562814
4.71859296482412,0.1016054472361809,0.0901054472361809
4.763819095477387,0.10186064321608039,0.0903606432160804
4.809045226130653,0.10211583919597989,0.09061583919597989
4.8542713567839195,0.1023710351758794,0.0908710351758794
4.899497487437186,0.10262623115577889,0.09112623115577889
4.944723618090452,0.10288142713567837,0.09138142713567837
4.989949748743719,0.10313662311557788,0.09163662311557788
5.035175879396985,0.10339181909547739,0.09189181909547739
5.080402010050252,0.10364701507537688,0.09214701507537688
5.125628140703517,0.10390221105527636,0.09240221105527636
5.170854271356784,0.10415740703517587,0.09265740703517587
5.21608040201005,0.10441260301507535,0.09291260301507537
5.261306532663317,0.10466779899497487,0.09316779899497488
5.306532663316583,0.10492299497487435,0.09342299497487436
5.351758793969849,0.10517819095477386,0.09367819095477387
5.396984924623116,0.10543338693467334,0.09393338693467336
5.442211055276382,0.10568858291457287,0.09418858291457287
5.4874371859296485,0.10594377889447235,0.09444377889447235
5.532663316582915,0.10619897487437185,0.09469897487437186
5.577889447236181,0.10645417085427136,0.09495417085427137
5.623115577889447,0.10670936683417082,0.09520936683417083
5.668341708542714,0.10696456281407034,0.09546456281407034
5.71356783919598,0.10721975879396985,0.09571975879396985
5.758793969849247,0.10747495477386933,0.09597495477386934
5.8040201005025125,0.10773015075376884,0.09623015075376884
5.849246231155779,0.10798534673366833,0.09648534673366833
5.894472361809045,0.10824054271356782,0.09674054271356783
5.939698492462312,0.10849573869346732,0.09699573869346734
5.984924623115578,0.10875093467336683,0.09725093467336683
6.030150753768844,0.10900613065326632,0.09750613065326633
6.075376884422111,0.10926132663316582,0.09776132663316582
6.1206030150753765,0.1095165226130653,0.0980165226130653
6.165829145728644,0.10977171859296482,0.09827171859296482
6.211055276381909,0.11002691457286431,0.09852691457286432
6.256281407035176,0.11028211055276381,0.09878211055276381
6.301507537688442,0.1105373065326633,0.09903730653266332
6.346733668341709,0.11079250251256278,0.0992925025125628
6.391959798994975,0.11104769849246231,0.09954769849246231
6.437185929648241,0.1113028944723618,0.0998028944723618
6.482412060301508,0.11155809045226128,0.10005809045226129
6.527638190954773,0.11181328643216078,0.1003132864321608
6.572864321608041,0.1120684824120603,0.1005684824120603
6.618090452261306,0.11232367839195978,0.10082367839195978
6.6633165829145735,0.11257887437185927,0.10107887437185928
6.708542713567839,0.11283407035175877,0.10133407035175879
6.7537688442211055,0.11308926633165829,0.1015892663316583
6.798994974874372,0.11334446231155777,0.10184446231155778
6.844221105527638,0.11359965829145728,0.1020996582914573
6.889447236180905,0.11385485427135676,0.10235485427135678
6.934673366834171,0.11411005025125628,0.10261005025125629
6.9798994974874375,0.11436524623115578,0.10286524623115578
7.025125628140704,0.11462044221105526,0.10312044221105526
7.07035175879397,0.11487563819095475,0.10337563819095477
7.115577889447236,0.11513083417085428,0.10363083417085428
7.160804020100502,0.11538603015075374,0.10388603015075375
7.206030150753769,0.11564122613065325,0.10414122613065326
7.251256281407035,0.11589642211055275,0.10439642211055276
7.296482412060302,0.11615161809045225,0.10465161809045226
7.341708542713568,0.11640681407035175,0.10490681407035175
7.386934673366834,0.11666201005025124,0.10516201005025125
7.432160804020101,0.11691720603015074,0.10541720603015076
7.477386934673367,0.11717240201005025,0.10567240201005025
7.522613065326634,0.11742759798994973,0.10592759798994973
7.5678391959799,0.11768279396984922,0.10618279396984923
7.613065326633166,0.11793798994974872,0.10643798994974872
7.658291457286432,0.11819318592964824,0.10669318592964824
7.703517587939698,0.11844838190954772,0.10694838190954772
7.748743718592965,0.11870357788944721,0.10720357788944722
7.793969849246231,0.11895877386934672,0.10745877386934674
7.839195979899498,0.11921396984924623,0.10771396984924624
7.884422110552764,0.1194691658291457,0.1079691658291457
7.9296482412060305,0.11972436180904521,0.10822436180904521
7.974874371859297,0.11997955778894472,0.10847955778894473
8.020100502512562,0.1202347537688442,0.10873475376884421
8.06532663316583,0.12048994974874372,0.10898994974874372
8.110552763819095,0.1207451457286432,0.1092451457286432
8.155778894472363,0.12100034170854271,0.10950034170854273
8.201005025125628,0.12125553768844219,0.1097555376884422
8.246231155778894,0.12151073366834168,0.11001073366834169
8.291457286432161,0.12176592964824119,0.1102659296482412
8.336683417085428,0.1220211256281407,0.11052112562814072
8.381909547738694,0.12227632160804018,0.1107763216080402
8.42713567839196,0.12253151758793968,0.11103151758793968
8.472361809045227,0.12278671356783918,0.11128671356783919
8.517587939698494,0.12304190954773869,0.11154190954773871
8.56281407035176,0.12329710552763816,0.11179710552763818
8.608040201005025,0.12355230150753767,0.11205230150753767
8.65326633165829,0.12380749748743718,0.11230749748743718
8.698492462311558,0.12406269346733667,0.11256269346733667
8.743718592964825,0.12431788944723615,0.11281788944723617
8.78894472361809,0.12457308542713567,0.11307308542713568
8.834170854271356,0.12482828140703515,0.11332828140703516
8.879396984924623,0.12508347738693468,0.11358347738693467
8.92462311557789,0.12533867336683416,0.11383867336683416
8.969849246231156,0.12559386934673364,0.11409386934673366
9.015075376884422,0.12584906532663315,0.11434906532663315
9.060301507537687,0.12610426130653266,0.11460426130653266
9.105527638190955,0.12635945728643214,0.11485945728643215
9.150753768844222,0.12661465326633164,0.11511465326633166
9.195979899497488,0.12686984924623115,0.11536984924623116
9.241206030150753,0.12712504522613063,0.11562504522613064
9.28643216080402,0.12738024120603011,0.11588024120603012
9.331658291457288,0.12763543718592962,0.11613543718592964
9.376884422110553,0.12789063316582913,0.11639063316582915
9.422110552763819,0.12814582914572864,0.11664582914572864
9.467336683417086,0.12840102512562812,0.11690102512562812
9.512562814070352,0.12865622110552763,0.11715622110552763
9.557788944723619,0.12891141708542714,0.11741141708542714
9.603015075376884,0.12916661306532662,0.11766661306532662
9.64824120603015,0.1294218090452261,0.1179218090452261
9.693467336683417,0.1296770050251256,0.11817700502512563
9.738693467336685,0.12993220100502512,0.11843220100502512
9.78391959798995,0.1301873969849246,0.1186873969849246
9.829145728643216,0.1304425929648241,0.1189425929648241
9.874371859296483,0.13069778894472361,0.11919778894472362
9.91959798994975,0.13095298492462312,0.11945298492462313
9.964824120603016,0.1312081809045226,0.11970818090452261
10.010050251256281,0.13146337688442208,0.11996337688442209
10.055276381909547,0.1317185728643216,0.1202185728643216
10.100502512562814,0.1319737688442211,0.1204737688442211
10.145728643216081,0.13222896482412058,0.12072896482412059
10.190954773869347,0.1324841608040201,0.1209841608040201
10.236180904522612,0.1327393567839196,0.1212393567839196
10.28140703517588,0.1329945527638191,0.12149455276381911
10.326633165829147,0.13324974874371856,0.12174974874371856
10.371859296482413,0.13350494472361807,0.12200494472361807
10.417085427135678,0.13376014070351758,0.12226014070351758
10.462311557788945,0.13401533668341709,0.12251533668341709
10.507537688442211,0.13427053266331657,0.12277053266331657
10.552763819095478,0.13452572864321607,0.12302572864321608
10.597989949748744,0.13478092462311558,0.12328092462311559
10.64321608040201,0.13503612060301506,0.12353612060301507
10.688442211055277,0.13529131658291454,0.12379131658291455
10.733668341708544,0.13554651256281405,0.12404651256281406
10.77889447236181,0.13580170854271356,0.12430170854271358
10.824120603015075,0.13605690452261307,0.12455690452261307
10.869346733668342,0.13631210050251255,0.12481210050251255
10.91457286432161,0.13656729648241206,0.12506729648241205
10.959798994974875,0.13682249246231157,0.12532249246231156
11.00502512562814,0.13707768844221105,0.12557768844221104
11.050251256281408,0.13733288442211056,0.12583288442211057
11.095477386934673,0.13758808040201004,0.12608808040201006
11.14070351758794,0.13784327638190955,0.12634327638190954
11.185929648241206,0.13809847236180903,0.12659847236180902
11.231155778894472,0.1383536683417085,0.12685366834170853
11.27638190954774,0.13860886432160804,0.12710886432160803
11.321608040201005,0.13886406030150755,0.12736406030150754
11.366834170854272,0.13911925628140703,0.12761925628140702
11.412060301507537,0.13937445226130651,0.1278744522613065
11.457286432160805,0.139629648241206,0.128129648241206
11.50251256281407,0.13988484422110553,0.12838484422110552
11.547738693467338,0.140140040201005,0.128640040201005
11.592964824120603,0.14039523618090452,0.12889523618090454
11.63819095477387,0.14065043216080403,0.12915043216080402
11.683417085427136,0.1409056281407035,0.1294056281407035
11.728643216080402,0.141160824120603,0.12966082412060298
11.773869346733669,0.1414160201005025,0.1299160201005025
11.819095477386934,0.14167121608040198,0.130171216080402
11.864321608040202,0.14192641206030152,0.1304264120603015
11.909547738693467,0.142181608040201,0.13068160804020099
11.954773869346734,0.1424368040201005,0.13093680402010052
12.0,0.142692,0.131192
